,num lightcurves,time
0,1,0 days 00:00:02.218982000
1,2,0 days 00:00:31.034571000
2,3,0 days 00:07:53.564990000
